Reliance,9499895110,abcd12345efghip,123456
Reliance,9499895110,abcd12345efghip,123456
Reliance,9499895110,abcd12345efghip,123456
Reliance,9499895110,abcd12345efghip,123456
Reliance,9499895110,abcd12345efghip,123456
Reliance,9499895110,abcd12345efghip,123456
Reliance,9499895110,abcd12345efghip,123456
Reliance,9499895110,abcd12345efghip,123456
Reliance,9499895110,abcd12345efghip,123456
Reliance,9499895110,abcd12345efghip,123456
Reliance,9499895110,abcd12345efghip,123456
Reliance,9499895110,abcd12345efghip,vyomshah1401@gmail.com
Reliance,9499895110,abcd12345efghip,vyomshah1401@gmail.com
Reliance,9499895110,abcd12345efghip,vyomshah1401@gmail.com
Reliance,9499895110,abcd12345efghip,nishil.sce21@sot.pdpu.ac.in
SK,9925997195,abcd12345efghip,sohamcode73@gmail.com
